﻿Code,Indicator Name,Long definition,Source
DT.DSB.DPPG.CD,Debt buyback (current US$),"Debt buyback is the repurchase by a debtor of its own debt, discounted or at par. In the event of a buyback of long-term debt, the face value of the debt bought back will be recorded as a decline in the long-term debt stock, and the cash amount received by creditors will be recorded as a principal repayment. Data are in current U.S. dollars.","World Bank, International Debt Statistics."
DT.DOD.MDRI.CD,Debt forgiveness grants (current US$),Debt forgiveness grants data cover both debt cancelled by agreement between debtor and creditor and a reduction in the net present value of non-ODA debt achieved by concessional rescheduling or refinancing. The  data are on a disbursement basis and cover flows from all bilateral and multilateral donors. Data are in current U.S. dollars.,Development Assistance Committee of the Organisation for Economic Co-operation and Development.
DT.DFR.DPPG.CD,Debt forgiveness or reduction (current US$),Debt forgiveness or reduction shows the change in debt stock due to debt forgiveness or reduction. It is derived by subtracting debt forgiven and debt stock reduction from debt buyback. Data are in current U.S. dollars.,"World Bank, International Debt Statistics."
DT.TDS.DPPF.XP.ZS,Debt service to exports (%),"Debt service (PPG and IMF only, % of exports of goods, services and primary income)","Debt service is the sum of principle repayments and interest actually paid in currency, goods, or services. This series differs from the standard debt to exports series. It covers only long-term public and publicly guaranteed debt and repayments (repurchases and charges) to the IMF. Exports of goods and services include primary income, but do not include workers' remittances."
DT.TDS.DLXF.CD,"Debt service on external debt, long-term (TDS, current US$)","Debt service payments are the sum of principal repayments and interest payments actually made in the year specified. Long-term external debt is defined as debt that has an original or extended maturity of more than one year and that is owed to nonresidents by residents of an economy and repayable in currency, goods, or services. Data are in current U.S. dollars.","World Bank, International Debt Statistics."
DT.TDS.DPNG.CD,"Debt service on external debt, private nonguaranteed (PNG) (TDS, current US$)","Private nonguaranteed debt service is an external obligation of a private debtor that is not guaranteed for repayment by a public entity. Debt service payments are the sum of principal repayments and interest payments actually made in the year specified. Long-term external debt is defined as debt that has an original or extended maturity of more than one year and that is owed to nonresidents by residents of an economy and repayable in currency, goods, or services. Data are in current U.S. dollars.","World Bank, International Debt Statistics."
DT.TDS.DPPG.CD,"Debt service on external debt, public and publicly guaranteed (PPG) (TDS, current US$)","Public and publicly guaranteed debt service is the sum of principal repayments and interest actually paid in currency, goods, or services on long-term obligations of public debtors and long-term private obligations guaranteed by a public entity. Data are in current U.S. dollars.","World Bank, International Debt Statistics."
DT.TDS.DECT.CD,"Debt service on external debt, total (TDS, current US$)","Total debt service is the sum of principal repayments and interest actually paid in currency, goods, or services on long-term debt, interest paid on short-term debt, and repayments (repurchases and charges) to the IMF. Data are in current U.S. dollars.","World Bank, International Debt Statistics."
DT.DSF.DPPG.CD,Debt stock reduction (current US$),"Debt stock reductions show the amount that has been netted out of the stock of debt using debt conversion schemes such as buybacks and equity swaps or the discounted value of long-term bonds that were issued in exchange for outstanding debt. It includes the effect of any financial operation that will reduce the debt stock other than debt stock restructuring, repayment of principal and debt forgiven. In particular, debt stock reduction will include the face value of debt bought back, the face value of debt swapped for equity (or "nature" or "development"), any face value reduction that might result as the consequence of a bond exchange, and any face value reduction resulting from an exchange of debt for discount bonds. Data are in current U.S. dollars.","World Bank, International Debt Statistics."
DT.DXR.DPPG.CD,Debt stock rescheduled (current US$),Debt stocks rescheduled is the amount of debt outstanding rescheduled in any given year. Data are in current U.S. dollars.,"World Bank, International Debt Statistics."
DT.INR.DPPG,Average interest on new external debt commitments (%),"Interest represents the average interest rate on all new public and publicly guaranteed loans contracted during the year. To obtain the average, the interest rates for all public and publicly guaranteed loans have been weighted by the amounts of the loans. Public debt is an external obligation of a public debtor, including the national government, a political subdivision (or an agency of either), and autonomous public bodies. Publicly guaranteed debt is an external obligation of a private debtor that is guaranteed for repayment by a public entity.","World Bank, International Debt Statistics."
DT.INR.OFFT,"Average interest on new external debt commitments, official (%)","Interest represents the average interest rate on all new public and publicly guaranteed loans contracted during the year. To obtain the average, the interest rates for all public and publicly guaranteed loans have been weighted by the amounts of the loans. Debt from official creditors includes loans from international organizations (multilateral loans) and loans from governments (bilateral loans). Loans from international organization include loans and credits from the World Bank, regional development banks, and other multilateral and intergovernmental agencies. Excluded are loans from funds administered by an international organization on behalf of a single donor government; these are classified as loans from governments. Government loans include loans from governments and their agencies (including central banks), loans from autonomous bodies, and direct loans from official export credit agencies.","World Bank, International Debt Statistics."
DT.IXF.DPPG.CD,Interest forgiven (current US$),Interest forgiven is the amount of interest due or in arrears that was written off or forgiven in any given year. Data are in current U.S. dollars.,"World Bank, International Debt Statistics."
GC.XPN.INTP.ZS,Interest payments (% of expense),"Interest payments include interest payments on government debt--including long-term bonds, long-term loans, and other debt instruments--to domestic and foreign residents.","International Monetary Fund, Government Finance Statistics Yearbook and data files."
GC.XPN.INTP.RV.ZS,Interest payments (% of revenue),"Interest payments include interest payments on government debt--including long-term bonds, long-term loans, and other debt instruments--to domestic and foreign residents.","International Monetary Fund, Government Finance Statistics Yearbook and data files."
DT.INT.DECT.EX.ZS,"Interest payments on external debt (% of exports of goods, services and primary income)","Total interest payments to exports of goods, services and primary income. Total interest payment is the sum of interest actually paid in currency, goods, or services on long-term debt, interest paid on short-term debt, and charges to the IMF.","World Bank, International Debt Statistics."
DT.INT.DLXF.CD,"Interest payments on external debt, long-term (INT, current US$)","Interest payments on long-term debt are actual amounts of interest paid by the borrower in currency, goods, or services in the year specified. Long-term external debt is defined as debt that has an original or extended maturity of more than one year and that is owed to nonresidents by residents of an economy and repayable in currency, goods, or services. Data are in current U.S. dollars.","World Bank, International Debt Statistics."
FR.INR.RINR,Real interest rate (%),"Real interest rate is the lending interest rate adjusted for inflation as measured by the GDP deflator. The terms and conditions attached to lending rates differ by country, however, limiting their comparability.","International Monetary Fund, International Financial Statistics and data files using World Bank data on the GDP deflator."
NE.TRD.GNFS.ZS,Trade (% of GDP),Trade is the sum of exports and imports of goods and services measured as a share of gross domestic product.,"World Bank national accounts data, and OECD National Accounts data files."
BG.GSR.NFSV.GD.ZS,Trade in services (% of GDP),"Trade in services is the sum of service exports and imports divided by the value of GDP, all in current U.S. dollars.","International Monetary Fund, Balance of Payments Statistics Yearbook and data files, and World Bank and OECD GDP estimates."
